Time,fabric,letters
2026-01-27T22:56:00Z,69,78
2026-01-27T23:12:00Z,66,77
2026-01-27T23:28:00Z,68,77
2026-01-27T23:44:00Z,70,74
2026-01-28T00:00:00Z,62,82
2026-01-28T00:16:00Z,62,78
2026-01-28T00:32:00Z,63,81
2026-01-28T00:48:00Z,62,80
2026-01-28T01:04:00Z,68,85
2026-01-28T01:20:00Z,66,78
2026-01-28T01:36:00Z,70,85
2026-01-28T01:52:00Z,69,80
2026-01-28T02:08:00Z,68,83
2026-01-28T02:24:00Z,71,81
2026-01-28T02:40:00Z,67,83
2026-01-28T02:56:00Z,68,77
2026-01-28T03:12:00Z,70,80
2026-01-28T03:28:00Z,69,87
2026-01-28T03:44:00Z,66,84
2026-01-28T04:00:00Z,69,79
2026-01-28T04:16:00Z,70,86
2026-01-28T04:32:00Z,72,82
2026-01-28T04:48:00Z,66,100
2026-01-28T05:04:00Z,72,82
2026-01-28T05:20:00Z,67,83
2026-01-28T05:36:00Z,62,79
2026-01-28T05:52:00Z,60,82
2026-01-28T06:08:00Z,66,78
2026-01-28T06:24:00Z,62,74
2026-01-28T06:40:00Z,62,73
2026-01-28T06:56:00Z,64,85
2026-01-28T07:12:00Z,69,75
2026-01-28T07:28:00Z,53,83
2026-01-28T07:44:00Z,68,64
2026-01-28T08:00:00Z,65,76
2026-01-28T08:16:00Z,66,75
2026-01-28T08:32:00Z,64,75
2026-01-28T08:48:00Z,61,82
2026-01-28T09:04:00Z,66,78
2026-01-28T09:20:00Z,59,88
2026-01-28T09:36:00Z,48,71
2026-01-28T09:52:00Z,54,69
2026-01-28T10:08:00Z,48,80
2026-01-28T10:24:00Z,55,79
2026-01-28T10:40:00Z,47,72
2026-01-28T10:56:00Z,61,75
2026-01-28T11:12:00Z,57,85
2026-01-28T11:28:00Z,54,74
2026-01-28T11:44:00Z,58,75
2026-01-28T12:00:00Z,56,85
2026-01-28T12:16:00Z,58,76
2026-01-28T12:32:00Z,58,87
2026-01-28T12:48:00Z,63,81
2026-01-28T13:04:00Z,52,86
2026-01-28T13:20:00Z,52,84
2026-01-28T13:36:00Z,61,92
2026-01-28T13:52:00Z,58,90
2026-01-28T14:08:00Z,57,90
2026-01-28T14:24:00Z,63,92
2026-01-28T14:40:00Z,62,97
2026-01-28T14:56:00Z,63,95
2026-01-28T15:12:00Z,60,93
2026-01-28T15:28:00Z,67,92
2026-01-28T15:44:00Z,68,91
2026-01-28T16:00:00Z,64,87
2026-01-28T16:16:00Z,68,88
2026-01-28T16:32:00Z,70,87
2026-01-28T16:48:00Z,69,91
2026-01-28T17:04:00Z,67,90
2026-01-28T17:20:00Z,66,87
2026-01-28T17:36:00Z,70,90
2026-01-28T17:52:00Z,72,92
2026-01-28T18:08:00Z,69,91
2026-01-28T18:24:00Z,72,91
2026-01-28T18:40:00Z,72,91
2026-01-28T18:56:00Z,72,88
2026-01-28T19:12:00Z,70,88
2026-01-28T19:28:00Z,68,88
2026-01-28T19:44:00Z,72,87
2026-01-28T20:00:00Z,74,87
2026-01-28T20:16:00Z,72,88
2026-01-28T20:32:00Z,73,85
2026-01-28T20:48:00Z,73,83
2026-01-28T21:04:00Z,71,85
2026-01-28T21:20:00Z,74,80
2026-01-28T21:36:00Z,68,84
2026-01-28T21:52:00Z,70,81
2026-01-28T22:08:00Z,69,79
2026-01-28T22:24:00Z,71,83
2026-01-28T22:40:00Z,70,82
2026-01-28T22:56:00Z,73,84